Symbol,Date,Open,High,Low,Close,Adj Close,Volume
META,2/28/22,207.679993,213.1499939,206.8300018,211.0299988,211.0299988,34239800
META,3/1/22,209.869995,211.75,202.2200012,203.4900055,203.4900055,27094900
META,3/2/22,204.779999,209.1499939,202.0200043,208.1100006,208.1100006,29452100
META,3/3/22,209.020004,209.0800018,201.4199982,202.9700012,202.9700012,27263500
META,3/4/22,202.369995,205.8899994,198.7899933,200.0599976,200.0599976,32130900
META,3/7/22,200.789993,200.8899994,187.2799988,187.4700012,187.4700012,38560600
META,3/8/22,187.850006,196.6999969,186.1100006,190.2899933,190.2899933,37508100
META,3/9/22,195.740005,199.1000061,193.9199982,198.5,198.5,31894700
META,3/10/22,194.839996,196.2799988,191.0700073,195.2100067,195.2100067,24853000
META,3/11/22,192.639999,193.5599976,186.6699982,187.6100006,187.6100006,34694500
META,3/14/22,187.029999,192.2899933,185.8200073,186.6300049,186.6300049,31010500
META,3/15/22,190.800003,192.2799988,185.9100037,192.0299988,192.0299988,31721700
META,3/16/22,194.699997,203.7299957,194.5200043,203.6300049,203.6300049,40640300
META,3/17/22,201.699997,208.0399933,201.1100006,207.8399963,207.8399963,29499700
META,3/18/22,206.699997,216.8000031,206,216.4900055,216.4900055,52128000
META,3/21/22,214.5,214.7100067,207.6300049,211.4900055,211.4900055,30142300
META,3/22/22,211.369995,219.4600067,210.1799927,216.6499939,216.6499939,31998800
META,3/23/22,213.330002,216.8000031,212.1600037,213.4600067,213.4600067,23717300
META,3/24/22,215,220.6699982,214.7899933,219.5700073,219.5700073,31502300
META,3/25/22,220.509995,225.5,218.8899994,221.8200073,221.8200073,40039000
META,3/28/22,222.130005,224.0399933,219.5399933,223.5899963,223.5899963,26224100
META,3/29/22,226.070007,230.8899994,225.2899933,229.8600006,229.8600006,31417900
META,3/30/22,228.910004,231.1499939,226.7100067,227.8500061,227.8500061,25588000
META,3/31/22,228.449997,228.4900055,222.2599945,222.3600006,222.3600006,24192300
META,4/1/22,224.550003,227.2799988,222.6999969,224.8500061,224.8500061,19544800
META,4/4/22,225.979996,234.3500061,225.8600006,233.8899994,233.8899994,28054800
META,4/5/22,234.080002,236.8600006,231.0200043,231.8399963,231.8399963,29727200
META,4/6/22,226.910004,228.9900055,221.4100037,223.3000031,223.3000031,28995100
META,4/7/22,223.929993,225.5200043,218.5599976,222.9499969,222.9499969,21037200
META,4/8/22,222.380005,225.1300049,220.0299988,222.3300018,222.3300018,18375700
META,4/11/22,218.419998,220.6100006,215.2200012,216.4600067,216.4600067,20516600
META,4/12/22,220.240005,222.0299988,213.1300049,214.1399994,214.1399994,20128800
META,4/13/22,211.820007,216.6100006,211.3300018,214.9900055,214.9900055,19231800
META,4/14/22,214.889999,214.9900055,210,210.1799927,210.1799927,18379500
META,4/18/22,210,213.3800049,208.3000031,210.7700043,210.7700043,16580800
META,4/19/22,210.520004,218.4299927,209,217.3099976,217.3099976,20089900
META,4/20/22,213.610001,214.1600037,198.9199982,200.4199982,200.4199982,43036500
META,4/21/22,201.600006,202.9700012,185.5800018,188.0700073,188.0700073,49954100
META,4/22/22,190.369995,192.7200012,183.2700043,184.1100006,184.1100006,36426800
META,4/25/22,182.729996,187.1799927,181.6600037,186.9900055,186.9900055,29281100
META,4/26/22,186.630005,187.1900024,179.5,180.9499969,180.9499969,31747400
META,4/27/22,174.429993,181.2100067,169,174.9499969,174.9499969,71062900
META,4/28/22,202.919998,208.5299988,192.8999939,205.7299957,205.7299957,100890600
META,4/29/22,204.460007,212.4799957,199.8999939,200.4700012,200.4700012,49193400
META,5/2/22,201.169998,211.8800049,200.9900055,211.1300049,211.1300049,49915300
META,5/3/22,210.449997,214.8999939,208.0899963,212.0299988,212.0299988,41556300
META,5/4/22,210.649994,224.3000031,206.9600067,223.4100037,223.4100037,41375900
META,5/5/22,218.740005,220.1699982,206.1600037,208.2799988,208.2799988,41129200
META,5/6/22,207.339996,209.3800049,201.0200043,203.7700043,203.7700043,34747200
META,5/9/22,199.839996,202.5700073,195.5800018,196.2100067,196.2100067,36303200
META,5/10/22,199.509995,202.9600067,194.1900024,197.6499939,197.6499939,34452500
META,5/11/22,196.330002,200.6699982,188.2700043,188.7400055,188.7400055,31153400
META,5/12/22,187.059998,198.0500031,184.7799988,191.2400055,191.2400055,38262200
META,5/13/22,192.580002,199.8899994,191.2799988,198.6199951,198.6199951,24549800
META,5/16/22,197.050003,205.3699951,195.9299927,200.0399933,200.0399933,27112600
META,5/17/22,202.119995,205.4600067,198.3600006,202.6199951,202.6199951,24872700
META,5/18/22,200,201,191.6300049,192.2400055,192.2400055,23960000
META,5/19/22,191.199997,195.2899933,189.6000061,191.2899933,191.2899933,24446900
META,5/20/22,194.970001,197.9100037,187.8699951,193.5399933,193.5399933,31465600
META,5/23/22,195.190002,196.9900055,191.2400055,196.2299957,196.2299957,25059200
META,5/24/22,180.550003,183.6799927,176.1100006,181.2799988,181.2799988,50406300
META,5/25/22,180.399994,185.4499969,179.3200073,183.8300018,183.8300018,28030200
META,5/26/22,182.880005,192.8300018,182.2599945,191.6300049,191.6300049,23056500
META,5/27/22,191.360001,195.3300018,189.8000031,195.1300049,195.1300049,22562700
META,5/31/22,194.889999,197.6000061,192.0099945,193.6399994,193.6399994,26131100
META,6/1/22,196.509995,199.5299988,185,188.6399994,188.6399994,36623500
META,6/2/22,188.449997,200.9400024,187.7299957,198.8600006,198.8600006,31951600
META,6/3/22,195.979996,196.6100006,189.7799988,190.7799988,190.7799988,19465000
META,6/6/22,193.990005,196.9199982,188.3999939,194.25,194.25,30574200
META,6/7/22,191.929993,196.5299988,191.4900055,195.6499939,195.6499939,18828700
META,6/8/22,194.669998,202.0299988,194.4100037,196.6399994,196.6399994,22267200
META,6/9/22,194.279999,199.4499969,183.6799927,184,184,23501600
META,6/10/22,183.039993,183.1000061,175.0200043,175.5700073,175.5700073,27450800
META,6/13/22,170.589996,172.5800018,164.0299988,164.2599945,164.2599945,31749300
META,6/14/22,166.029999,166.75,161.3600006,163.7299957,163.7299957,27244300
META,6/15/22,167.199997,172.1600037,163.9799957,169.3500061,169.3500061,30008300
META,6/16/22,163.720001,165.0800018,159.6100006,160.8699951,160.8699951,26944100
META,6/17/22,161.679993,165.8999939,159.8999939,163.7400055,163.7400055,31374200
META,6/21/22,165.929993,167.7599945,155.9700012,157.0500031,157.0500031,50724900
META,6/22/22,158.380005,160.7899933,155.4400024,155.8500061,155.8500061,47267800
META,6/23/22,156.270004,159.75,154.25,158.75,158.75,40499200
META,6/24/22,161.729996,170.25,161.3000031,170.1600037,170.1600037,68736000
META,6/27/22,171.320007,171.75,168.0099945,169.4900055,169.4900055,29174600
META,6/28/22,169.899994,171.3000031,160.6100006,160.6799927,160.6799927,27744500
META,6/29/22,163.570007,166.3300018,160.3200073,163.9400024,163.9400024,28595200
META,6/30/22,162.149994,165.2299957,158.4900055,161.25,161.25,35250600
META,7/1/22,160.309998,160.6199951,155,160.0299988,160.0299988,31423900
META,7/5/22,158.139999,168.25,157.0200043,168.1900024,168.1900024,28618600
META,7/6/22,168.199997,171.5899963,165.4600067,169.7700043,169.7700043,23085900
META,7/7/22,169.449997,172.7200012,167.7799988,172.1900024,172.1900024,24083400
META,7/8/22,169.979996,172.3999939,168.1499939,170.8800049,170.8800049,19249200
META,7/11/22,167.070007,167.4900055,161.9100037,162.8800049,162.8800049,21885600
META,7/12/22,164.800003,165.9100037,162.1000061,163.2700043,163.2700043,16639700
META,7/13/22,160.160004,164.9799957,159.6100006,163.4900055,163.4900055,16555100
META,7/14/22,161.220001,162.5899963,157.2799988,158.0500031,158.0500031,23765200
META,7/15/22,160.539993,164.9799957,159.8200073,164.6999969,164.6999969,23342800
META,7/18/22,166.75,171.6900024,165.6399994,167.2299957,167.2299957,23574300
META,7/19/22,170.369995,176.4900055,169.5099945,175.7799988,175.7799988,25933700
META,7/20/22,177.490005,183.6000061,176.6999969,183.0899963,183.0899963,24784300
META,7/21/22,180.630005,183.8500061,178.8699951,183.1699982,183.1699982,27195800
META,7/22/22,173.070007,175.6000061,168.4100037,169.2700043,169.2700043,42583900
META,7/25/22,169,170.5700073,164.8099976,166.6499939,166.6499939,26166300
META,7/26/22,165.940002,166,157.9499969,159.1499939,159.1499939,28468400
META,7/27/22,162.589996,170.8699951,162.0200043,169.5800018,169.5800018,43846600
META,7/28/22,161.059998,161.5099945,154.8500061,160.7200012,160.7200012,73214300
META,7/29/22,157.690002,160.1399994,155.1699982,159.1000061,159.1000061,42065400
META,8/1/22,157.25,165.1900024,155.2299957,159.9299927,159.9299927,40596700
META,8/2/22,158.309998,162.2400055,158.0099945,160.1900024,160.1900024,27374500
META,8/3/22,162.690002,169.5399933,161.5700073,168.8000031,168.8000031,31721900
META,8/4/22,168.300003,172.1499939,166.8000031,170.5700073,170.5700073,23938200
META,8/5/22,166.990005,171.6100006,165.8000031,167.1100006,167.1100006,25832700
META,8/8/22,168,177.5099945,167.1300049,170.25,170.25,27299100
META,8/9/22,168.949997,169.5299988,166.6000061,168.5299988,168.5299988,18655100
META,8/10/22,175.990005,180.4799957,173.9499969,178.3399963,178.3399963,30262100
META,8/11/22,179.710007,183.1000061,176.3699951,177.4900055,177.4900055,24079100
META,8/12/22,180.809998,181.4600067,178.9100037,180.5,180.5,21274000
META,8/15/22,178.960007,181.4400024,178.1999969,180.8899994,180.8899994,15878700
META,8/16/22,179.440002,180.9900055,177.0399933,179.4700012,179.4700012,21156700
META,8/17/22,176.759995,178.1399994,174.1699982,174.8500061,174.8500061,20118100
META,8/18/22,174.339996,175.7599945,171.8600006,174.6600037,174.6600037,18844500
META,8/19/22,170.199997,172.3200073,167.0500031,167.9600067,167.9600067,26240800
META,8/22/22,165.490005,165.4900055,162.2599945,163.0500031,163.0500031,19499700
META,8/23/22,162.479996,165.0500031,160.6999969,161.1100006,161.1100006,18111800
META,8/24/22,160.600006,165.4600067,159.7700043,163.2599945,163.2599945,20891500
META,8/25/22,165.179993,168.8800049,164.0200043,168.7799988,168.7799988,15550500
META,8/26/22,168.479996,170.9199982,161.6699982,161.7799988,161.7799988,24023600
META,8/29/22,160.660004,163.0500031,159.0099945,159.1699982,159.1699982,20052700
META,8/30/22,160.350006,161.6600037,155.9100037,157.1600037,157.1600037,19567900
META,8/31/22,167.070007,167.8399963,162.1399994,162.9299927,162.9299927,40953000
META,9/1/22,163.580002,167.3600006,160.3500061,165.3600006,165.3600006,30145700
META,9/2/22,167.449997,167.9299927,159.2200012,160.3200073,160.3200073,22634200
META,9/6/22,160.100006,161.6900024,157.6900024,158.5399933,158.5399933,19339800
META,9/7/22,157.759995,160.9600067,156.8099976,160.3899994,160.3899994,16831200
META,9/8/22,158.710007,162.2299957,157.7400055,162.0599976,162.0599976,22530800
META,9/9/22,163.25,169.5399933,163.0200043,169.1499939,169.1499939,22086800
META,9/12/22,167.389999,171.3899994,167.2799988,168.9600067,168.9600067,23220400
META,9/13/22,161.539993,161.6300049,152.6699982,153.1300049,153.1300049,44444100
META,9/14/22,153.330002,153.5399933,149.0500031,151.4700012,151.4700012,43064200
META,9/15/22,149.800003,154.1999969,148.6999969,149.5500031,149.5500031,34606300
META,9/16/22,148.050003,148.5800018,144.2899933,146.2899933,146.2899933,40122800
META,9/19/22,145.240005,148.5800018,145.1000061,148.0200043,148.0200043,22169500
META,9/20/22,145.779999,148.8399963,145.2200012,146.0899963,146.0899963,23217400
META,9/21/22,146.389999,149.6000061,142,142.1199951,142.1199951,38338600
META,9/22/22,141.550003,144.5800018,140.8699951,142.8200073,142.8200073,34418500
META,9/23/22,141.419998,142.6199951,138.8899994,140.4100037,140.4100037,31710700
META,9/26/22,140.119995,142.2400055,136.1900024,136.3699951,136.3699951,30497000
META,9/27/22,137.919998,139.4199982,134.1199951,134.3999939,134.3999939,30826500
META,9/28/22,134.619995,142.0299988,134.2700043,141.6100006,141.6100006,32658500
META,9/29/22,139.360001,139.8399963,135.1999969,136.4100037,136.4100037,38985400
META,9/30/22,136.050003,140.9900055,135.5,135.6799927,135.6799927,33166400
META,10/3/22,137.139999,139.6199951,136.1000061,138.6100006,138.6100006,27723100
META,10/4/22,140.490005,142.3899994,139.3399963,140.2799988,140.2799988,34670700
META,10/5/22,138.240005,140.2100067,134.7799988,138.9799957,138.9799957,27979300
META,10/6/22,137.720001,141.4499969,136.6000061,139.0700073,139.0700073,36231100
META,10/7/22,136.759995,138.2899933,132.4400024,133.4499969,133.4499969,33214800
META,10/10/22,133.550003,136.1100006,131.8699951,133.7899933,133.7899933,24024000
META,10/11/22,131.619995,132.6600037,126.9899979,128.5399933,128.5399933,38481400
META,10/12/22,128.320007,129.6699982,126.25,127.5,127.5,34605200
META,10/13/22,123.529999,131.1399994,122.5299988,130.2899933,130.2899933,34325700
META,10/14/22,131,131.7899933,126.5199966,126.7600021,126.7600021,23559400
META,10/17/22,130.300003,134.7899933,130.1799927,134.0399933,134.0399933,29612200
META,10/18/22,137.089996,137.8399963,131.3999939,132.8000031,132.8000031,25445000
META,10/19/22,132.889999,137,132.2200012,133.2299957,133.2299957,30691000
META,10/20/22,132.929993,136.7700043,131.3099976,131.5299988,131.5299988,26356300
META,10/21/22,126.309998,130.1199951,125.4400024,130.0099945,130.0099945,46348600
META,10/24/22,127.25,133.4799957,124.5699997,129.7200012,129.7200012,63563400
META,10/25/22,130.880005,138.3500061,130.5899963,137.5099945,137.5099945,38433200
META,10/26/22,131.679993,135.5500031,128.5299988,129.8200073,129.8200073,82791500
META,10/27/22,97.9800034,102.5,96.37999725,97.94000244,97.94000244,232316600
META,10/28/22,99.5800018,100.8499985,97.51000214,99.19999695,99.19999695,95928300
META,10/31/22,98.2200012,99.31999969,92.59999847,93.16000366,93.16000366,121361400
META,11/1/22,94.3300018,97.48999786,93.55000305,95.19999695,95.19999695,110189600
META,11/2/22,94.2099991,95.19999695,90.48000336,90.54000092,90.54000092,71821100
META,11/3/22,90.0800018,90.45999908,88.41000366,88.91000366,88.91000366,60664000
META,11/4/22,90.3499985,91.38999939,88.08999634,90.79000092,90.79000092,55638100
META,11/7/22,94.7799988,96.87999725,93.09999847,96.72000122,96.72000122,81987300
META,11/8/22,95.9199982,97.80000305,94.79000092,96.47000122,96.47000122,52088300
META,11/9/22,101.720001,104.9000015,100.7399979,101.4700012,101.4700012,107677300
META,11/10/22,107.120003,112.75,104.6100006,111.8700027,111.8700027,80671000
META,11/11/22,109.230003,114.9000015,108.8099976,113.0199966,113.0199966,59961700
META,11/14/22,110.989998,116.2699966,110.8000031,114.2200012,114.2200012,53395000
META,11/15/22,116.07,118.7399979,114.4100037,117.0800018,117.0800018,50670500
META,11/16/22,114.5,116.0800018,112.6600037,113.2300034,113.2300034,33287800
META,11/17/22,110.410004,112.3300018,109.8000031,111.4499969,111.4499969,35093800
META,11/18/22,113.800003,114.3199997,110.6200027,112.0500031,112.0500031,33357700
META,11/21/22,111.519997,112.3700027,109.1900024,109.8600006,109.8600006,24351100
META,11/22/22,109.860001,111.6200027,108.3199997,111.4400024,111.4400024,29029000
META,11/23/22,111.720001,112.6699982,110.7300034,112.2399979,112.2399979,21343100
META,11/25/22,111.300003,112.7300034,111.0199966,111.4100037,111.4100037,12007600
META,11/28/22,110.779999,112.0400009,108.3799973,108.7799988,108.7799988,23309400
META,11/29/22,109.540001,110.9400024,108.5400009,109.4599991,109.4599991,23899200
META,11/30/22,109.510002,118.1600037,109.3799973,118.0999985,118.0999985,43348600
META,12/1/22,119.199997,121.1999969,118.4000015,120.4400024,120.4400024,36551400
META,12/2/22,117.830002,124.0400009,117.6100006,123.4899979,123.4899979,39950500
META,12/5/22,121.75,124.6699982,121.3499985,122.4300003,122.4300003,35474900
META,12/6/22,119.910004,120.5500031,113.7399979,114.1200027,114.1200027,43689200
META,12/7/22,113.760002,115.8799973,112.8799973,113.9300003,113.9300003,29461100
META,12/8/22,116.389999,117.3399963,114.5899963,115.3300018,115.3300018,30619400
META,12/9/22,115.300003,117.5400009,113.8700027,115.9000015,115.9000015,26033400
META,12/12/22,115.18,115.7200012,113.1399994,114.7099991,114.7099991,24747100
META,12/13/22,122.129997,123.3000031,118.6399994,120.1500015,120.1500015,44701100
META,12/14/22,119.389999,124.1399994,119.3899994,121.5899963,121.5899963,36922000
META,12/15/22,118.330002,118.6299973,114.0100021,116.1500015,116.1500015,34531000
META,12/16/22,120.230003,123.3099976,118.8199997,119.4300003,119.4300003,67064000
META,12/19/22,116.830002,117.8000031,114.3300018,114.4800034,114.4800034,29769900
META,12/20/22,113.260002,117.3300018,112.4599991,117.0899963,117.0899963,28742500
META,12/21/22,116.699997,120.3399963,115.6200027,119.7600021,119.7600021,20392800
META,12/22/22,117.199997,118.6200027,114.3799973,117.1200027,117.1200027,23618100
META,12/23/22,116.029999,118.1800003,115.5400009,118.0400009,118.0400009,17796600
META,12/27/22,117.93,118.5999985,116.0500031,116.8799973,116.8799973,21392300
META,12/28/22,116.25,118.1500015,115.5100021,115.6200027,115.6200027,19612500
META,12/29/22,116.400002,121.0299988,115.7699966,120.2600021,120.2600021,22366200
META,12/30/22,118.160004,120.4199982,117.7399979,120.3399963,120.3399963,19492100
META,1/3/23,122.82,126.3700027,122.2799988,124.7399979,124.7399979,35528500
META,1/4/23,127.379997,129.0500031,125.8499985,127.3700027,127.3700027,32397100
META,1/5/23,126.129997,128.5200043,124.5400009,126.9400024,126.9400024,25447100
META,1/6/23,128.970001,130.3300018,126.0400009,130.0200043,130.0200043,27567600
META,1/9/23,131.160004,132.9499969,129.2799988,129.4700012,129.4700012,26649100
META,1/10/23,127.269997,133.4400024,127.1500015,132.9900055,132.9900055,28684400
META,1/11/23,130.960007,133.8500061,130.3399963,132.8899994,132.8899994,25423000
META,1/12/23,133.440002,137.6799927,131.7599945,136.7100067,136.7100067,30757700
META,1/13/23,134.970001,137.3899994,134.8399963,136.9799957,136.9799957,22410700
META,1/17/23,136.179993,136.75,134.25,135.3600006,135.3600006,21147600
META,1/18/23,135.809998,137.25,132.8000031,133.0200043,133.0200043,20215500
META,1/19/23,132.490005,137.4499969,132.1399994,136.1499939,136.1499939,28625200
META,1/20/23,135.889999,139.9400024,134.6100006,139.3699951,139.3699951,28643100
META,1/23/23,139.289993,143.7599945,138.6600037,143.2700043,143.2700043,27470100
META,1/24/23,141.690002,145,141.3600006,143.1399994,143.1399994,21970200
META,1/25/23,141.220001,143.1699982,140.3099976,141.5,141.5,26622000
META,1/26/23,144.399994,147.5099945,143.3000031,147.3000031,147.3000031,25482100
META,1/27/23,148.240005,153.1900024,147.3899994,151.7400055,151.7400055,35746900
META,1/30/23,149.410004,151.1199951,146.9499969,147.0599976,147.0599976,28040100
META,1/31/23,147.949997,149.8800049,147.5200043,148.9700012,148.9700012,29842100
META,2/1/23,148.029999,153.5800018,147.0599976,153.1199951,153.1199951,55661000
META,2/2/23,183.380005,197.1600037,180.1600037,188.7700043,188.7700043,150475700
META,2/3/23,183.470001,196.7700043,182.8899994,186.5299988,186.5299988,76733100
META,2/6/23,186.529999,190.6999969,185.5200043,186.0599976,186.0599976,42483800
META,2/7/23,185.580002,193.7799988,184.3999939,191.6199951,191.6199951,47080700
META,2/8/23,190,190.8300018,182.9199982,183.4299927,183.4299927,36139100
META,2/9/23,186.130005,186.6499939,177.2700043,177.9199982,177.9199982,37118800
META,2/10/23,176.350006,178.8899994,173.3500061,174.1499939,174.1499939,33413200
META,2/13/23,178.220001,181,175.8200073,179.4299927,179.4299927,31463200
META,2/14/23,177.160004,181.5099945,175.8800049,179.4799957,179.4799957,24034600
META,2/15/23,176.419998,178.1900024,175.3300018,177.1600037,177.1600037,25338000
META,2/16/23,172.75,175.8500061,171.7899933,172.4400024,172.4400024,25827500
META,2/17/23,170.220001,173.1799927,169.6999969,172.8800049,172.8800049,22191900
META,2/21/23,174.309998,178.1699982,171.8800049,172.0800018,172.0800018,34592600
META,2/22/23,171.070007,172.7599945,169.6900024,171.1199951,171.1199951,22433200
META,2/23/23,172,173.6900024,169.3800049,172.0399933,172.0399933,20017800
META,2/24/23,168.639999,170.7200012,167.6600037,170.3899994,170.3899994,19763800
PFE,2/28/22,45.27640951,46.81999969,47.16999817,46.34000015,46.93999863,35296100
PFE,3/1/22,45.15069209,46.68999863,47.13999939,45.43999863,45.75,29854500
PFE,3/2/22,44.58981934,46.11000061,47.93000031,46,47.70000076,36516200
PFE,3/3/22,46.10805661,47.68000031,48.59000015,47.47999954,47.83000183,30553300
PFE,3/4/22,45.93399017,47.5,48.77000046,47.40999985,48.65000153,33217300
PFE,3/7/22,46.65926558,48.25,48.84000015,47.52000046,47.97999954,33171300
PFE,3/8/22,46.0113526,47.58000183,48.41999817,46.47000122,47.43999863,32913300
PFE,3/9/22,46.54321811,48.13000107,49.22000122,48,48.75,24718900
PFE,3/10/22,46.7172921,48.31000137,49.29000092,48.04999924,49.20000076,24542300
PFE,3/11/22,47.51992061,49.13999939,50.90000153,48.93999863,50.27000046,33701900
PFE,3/14/22,49.0478401,50.72000122,52.90999985,50.38999939,52.25,42314500
PFE,3/15/22,50.88518738,52.61999893,52.91999817,51.18000031,52.20999908,30172100
PFE,3/16/22,50.80783132,52.54000092,53.27000046,52.18000031,52.91999817,29891400
PFE,3/17/22,51.17530489,52.91999817,54.25,52.79000092,54.24000168,30598600
PFE,3/18/22,52.58717156,54.38000107,55,53.70999908,54.50999832,51815000
PFE,3/21/22,52.45178546,54.24000168,55.29999924,53.90000153,54.18999863,34592500
PFE,3/22/22,52.41310381,54.20000076,54.31999969,52.5,53.04000092,32253600
PFE,3/23/22,51.27200582,53.02000046,53.5,52.15999985,52.18999863,29183700
PFE,3/24/22,50.80783127,52.54000092,52.84999847,52.29000092,52.59000015,25177500
PFE,3/25/22,51.00123854,52.74000168,53.25,52.50999832,52.77999878,17429600
PFE,3/28/22,50.79816011,52.52999878,53.56000137,52.5,53.27999878,21863700
PFE,3/29/22,52.21969777,54,54.08000183,52.61999893,52.74000168,39970000
PFE,3/30/22,51.44607421,53.20000076,53.72000122,51.97000122,52.43999863,27599600
PFE,3/31/22,50.28563395,52,52.88000107,51.74000168,51.77000046,26055200
PFE,4/1/22,50.40167472,52.11999893,52.15999985,51.09999847,51.56999969,19073100
PFE,4/4/22,50.07288468,51.77999878,51.86999893,50.36999893,50.93999863,20462800
PFE,4/5/22,49.13486591,50.81000137,52.15000153,50.75,51.24000168,21176700
PFE,4/6/22,49.47332649,51.15999985,53.09000015,51.15999985,52.86999893,31717500
PFE,4/7/22,50.76915009,52.5,55.40999985,52.5,55.15999985,36305700
PFE,4/8/22,53.04167404,54.84999847,55.58000183,54.45999908,55.16999817,24612200
PFE,4/11/22,53.63156504,55.45999908,56.31999969,53.77999878,53.93000031,22054300
PFE,4/12/22,51.54277395,53.29999924,53.93000031,52.65000153,53.11000061,22810700
PFE,4/13/22,51.3783825,53.13000107,53.81999969,52.70000076,53.09999847,15777800
PFE,4/14/22,51.63947704,53.40000153,53.90999985,53.04000092,53.11999893,17240100
PFE,4/18/22,51.0882717,52.83000183,53.11000061,51.63000107,51.84000015,17065000
PFE,4/19/22,49.95684076,51.65999985,51.88000107,49.36999893,50.18000031,33441500
PFE,4/20/22,48.35157155,50,50.15999985,49.20999908,49.75,24751800
PFE,4/21/22,48.28388273,49.93000031,50.00999832,48.91999817,49.11000061,19105600
PFE,4/22/22,47.33618982,48.95000076,49.09999847,47.90000153,48.13000107,22156800
PFE,4/25/22,46.27244875,47.84999847,49.18999863,47.11999893,48.95000076,27390600
PFE,4/26/22,47.37486525,48.99000168,50.25,48.91999817,49.02999878,25366500
PFE,4/27/22,47.49091638,49.11000061,49.90999985,48.20999908,49.74000168,25819200
PFE,4/28/22,48.77706517,50.43999863,50.77000046,49.49000168,50.50999832,28225400
PFE,4/29/22,48.22585677,49.86999893,50.34000015,49,49.06999969,28343300
PFE,5/2/22,46.10805914,47.68000031,48.75999832,47.45999908,48.34000015,36228400
PFE,5/3/22,47.25882293,48.86999893,50.04000092,47.70000076,49.29000092,33716900
PFE,5/4/22,47.27816296,48.88999939,49.86999893,47.90999985,49.65999985,28613700
PFE,5/5/22,47.82937268,49.45999908,49.54999924,47.54999924,48.45000076,28333000
PFE,5/6/22,46.504541,48.09000015,49.22000122,48.04000092,49.04000092,19891400
PFE,5/9/22,46.78498472,48.38000107,49.16999817,47.77000046,48.63999939,25012300
PFE,5/10/22,47.42322211,49.04000092,49.90000153,48.68999863,49.49000168,27335900
PFE,5/11/22,47.45222919,49.06999969,50.24000168,49.02999878,49.45000076,29699500
PFE,5/12/22,47.77096002,49,50.43000031,48.72000122,50.38999939,33468400
PFE,5/13/22,49.1163459,50.38000107,50.79000092,49.68000031,49.91999817,22423700
PFE,5/16/22,48.61913744,49.86999893,51.04999924,49.86999893,50.66999817,19435600
PFE,5/17/22,49.67204793,50.95000076,51.52000046,50.18000031,51.34000015,19918200
PFE,5/18/22,49.93527726,51.22000122,51.41999817,50.15999985,50.40000153,22276000
PFE,5/19/22,48.74587595,50,50.88999939,49.59000015,50.65000153,19865500
PFE,5/20/22,49.98402128,51.27000046,52.70000076,51.13000107,52.47000122,31250400
PFE,5/23/22,51.26116395,52.58000183,53.70000076,52.47999954,52.88000107,24035800
PFE,5/24/22,51.38790003,52.70999908,53.61000061,52.70999908,53.40999985,26729800
PFE,5/25/22,51.86561337,53.20000076,54.04999924,53.04999924,53.70999908,24003900
PFE,5/26/22,52.70404334,54.06000137,54.91999817,53.88000107,53.99000168,23516300
PFE,5/27/22,52.56755165,53.91999817,54.40999985,53.52000046,53.90999985,21407500
PFE,5/31/22,51.98260095,53.31999969,53.5,51.93999863,53.04000092,66058200
PFE,6/1/22,51.91435542,53.25,53.27999878,51.84000015,52.36999893,17430600
PFE,6/2/22,51.05643205,52.36999893,52.74000168,51.04000092,52.68000031,21903400
PFE,6/3/22,51.1441752,52.45999908,53.52999878,52.45999908,53.20000076,18125000
PFE,6/6/22,51.85586267,53.18999863,53.72000122,53,53.25999832,16544400
PFE,6/7/22,51.9436041,53.27999878,53.97000122,53.00999832,53.95999908,15091200
PFE,6/8/22,52.70404289,54.06000137,54.56000137,53.40999985,53.47000122,12789800
PFE,6/9/22,51.93385661,53.27000046,53.65000153,51.70000076,51.77999878,17572700
PFE,6/10/22,50.02302255,51.31000137,51.36999893,49.95000076,49.97000122,23826000
PFE,6/13/22,47.59547251,48.81999969,49.27999878,47.70999908,47.90999985,26989000
PFE,6/14/22,46.55231009,47.75,48.47000122,47.22000122,47.91999817,23290300
PFE,6/15/22,46.67905563,47.88000107,48.97999954,47.18000031,48.50999832,25748000
PFE,6/16/22,46.49381718,47.68999863,48,47.06000137,47.47999954,20424500
PFE,6/17/22,46.19159335,47.38000107,48.02999878,46.27999878,46.52999878,45047700
PFE,6/21/22,46.13309644,47.31999969,48.43999863,46.95000076,48.11000061,19622100
PFE,6/22/22,46.82528776,48.02999878,49.58000183,47.77000046,49.06999969,20382900
PFE,6/23/22,47.99518476,49.22999954,50.16999817,48.97999954,50.09000015,20061700
PFE,6/24/22,49.37957644,50.65000153,51.63999939,50.29999924,51.59000015,24343200
PFE,6/27/22,50.18875161,51.47999954,52.22999954,51.25999832,51.88000107,16154300
PFE,6/28/22,50.52997578,51.83000183,51.97000122,50.40999985,50.65999985,16417900
PFE,6/29/22,49.45756451,50.72999954,51.43999863,50.65999985,50.93999863,13925700
PFE,6/30/22,50.39348479,51.68999863,52.88999939,51.09000015,52.43000031,33495700
PFE,7/1/22,50.73471187,52.04000092,52.36999893,51.25,52.31000137,16143300
PFE,7/5/22,50.45198335,51.75,51.88999939,50.40000153,51.63999939,18406800
PFE,7/6/22,50.34473618,51.63999939,52.95999908,51.58000183,52.75,21305500
PFE,7/7/22,51.62188089,52.95000076,53.54000092,52.79000092,53.41999817,17847600
PFE,7/8/22,51.71937568,53.04999924,53.91999817,52.75999832,53.16999817,11322700
PFE,7/11/22,51.67063035,53,53.74000168,52.75,52.88999939,12921400
PFE,7/12/22,51.36840488,52.68999863,52.77999878,51.70999908,52.04000092,14633500
PFE,7/13/22,50.55922217,51.86000061,52.31000137,51.50999832,51.79000092,12927300
PFE,7/14/22,49.47706277,50.75,51.59000015,50.63000107,51.38999939,14023800
PFE,7/15/22,49.75979382,51.04000092,51.90999985,50.43000031,51.75,19885700
PFE,7/18/22,50.65671149,51.95999908,51.97000122,50.52000046,50.75,15742900
PFE,7/19/22,49.7597916,51.04000092,51.50999832,50.61000061,51.36999893,13402100
PFE,7/20/22,50.1010137,51.38999939,51.45999908,50.50999832,50.81999969,12774400
PFE,7/21/22,49.30157613,50.56999969,51.13999939,50.18000031,51.11999893,15103800
PFE,7/22/22,49.97426892,51.25999832,51.52999878,50.95000076,51.22999954,10932100
PFE,7/25/22,50.05226648,51.34000015,51.88000107,51.34000015,51.77000046,12995800
PFE,7/26/22,50.53972471,51.84000015,52.84999847,51.70999908,52.29999924,16632500
PFE,7/27/22,50.63721377,51.93999863,52.25,51.18999863,51.95000076,19203500
PFE,7/28/22,49.95922865,50.84999847,52.33000183,49.09999847,50.72000122,38984900
PFE,7/29/22,49.67431022,50.56000137,50.70999908,49.27999878,50.50999832,25037900
PFE,8/1/22,49.43851366,50.31999969,51.29999924,50.15000153,50.61000061,19709900
PFE,8/2/22,50.00835222,50.90000153,51.47000122,49.63000107,49.68999863,17802000
PFE,8/3/22,48.91779499,49.79000092,50.06999969,49.34000015,49.86000061,16500100
PFE,8/4/22,49.02586864,49.90000153,50.04999924,49.20999908,49.86000061,17026300
PFE,8/5/22,48.77042355,49.63999939,49.97000122,49.06000137,49.27000046,16376600
PFE,8/8/22,48.52480539,49.38999939,49.81000137,48.93999863,49.56999969,16071800
PFE,8/9/22,48.87850097,49.75,50.11000061,49.52000046,49.77999878,12095600
PFE,8/10/22,49.05534685,49.93000031,50.04999924,49.38000107,49.95000076,17355100
PFE,8/11/22,47.37530307,48.22000122,49.13000107,47.81000137,48.29000092,44048800
PFE,8/12/22,47.69951912,48.54999924,50.38999939,48.54999924,50.11000061,25835500
PFE,8/15/22,49.0946454,49.97000122,50.06999969,49.38999939,49.75,15797800
PFE,8/16/22,48.51497739,49.38000107,50.18000031,49.36000061,49.86000061,12874800
PFE,8/17/22,48.78025047,49.65000153,49.86000061,49.25,49.27000046,13607200
PFE,8/18/22,48.52480461,49.38999939,49.52000046,48.38000107,48.58000183,18916300
PFE,8/19/22,47.98443822,48.84000015,49.45000076,48.72999954,49.15000153,15350200
PFE,8/22/22,48.3479555,49.20999908,49.40000153,48.74000168,48.90000153,13601200
PFE,8/23/22,47.57179729,48.41999817,48.52000046,47.75999832,48.00999832,16248900
PFE,8/24/22,47.06090809,47.90000153,48.00999832,47.38000107,47.43000031,15551500
PFE,8/25/22,46.6875649,47.52000046,47.95000076,47.27000046,47.90000153,14460000
PFE,8/26/22,46.78580967,47.61999893,47.95999908,46.70000076,46.81999969,16546700
PFE,8/29/22,45.56753224,46.38000107,46.68999863,46.11999893,46.22999954,13400500
PFE,8/30/22,45.52823582,46.34000015,46.34999847,45.79999924,45.84999847,16303000
PFE,8/31/22,45.20401438,46.00999832,46.29000092,45.13000107,45.22999954,26416800
PFE,9/1/22,44.34925568,45.13999939,46.65000153,45.13999939,46.63000107,19947600
PFE,9/2/22,45.92122713,46.74000168,46.79999924,45.52999878,45.70000076,14667700
PFE,9/6/22,45.15489033,45.95999908,46.43999863,45.52999878,45.75999832,17153500
PFE,9/7/22,44.89944694,45.70000076,46.20999908,45.38000107,46.13000107,15378900
PFE,9/8/22,45.21383925,46.02000046,47.11999893,45.86999893,47.08000183,18271000
PFE,9/9/22,46.37316882,47.20000076,47.99000168,47.09999847,47.84000015,17501700
PFE,9/12/22,47.23775674,48.08000183,48.34999847,47.68999863,47.75999832,13744800
PFE,9/13/22,46.3043952,47.13000107,47.31999969,46.02000046,46.18999863,16603200
PFE,9/14/22,45.39068373,46.20000076,46.40999985,45.77999878,46.15000153,17162500
PFE,9/15/22,45.3022626,46.11000061,46.29000092,45.70000076,45.93999863,15802000
PFE,9/16/22,45.28261362,46.09000015,46.61999893,45.63999939,46.02999878,30629500
PFE,9/19/22,44.87979461,45.68000031,45.88000107,44.77999878,45.43999863,16256200
PFE,9/20/22,44.21170351,45,45.27000046,44.43999863,44.77000046,15369000
PFE,9/21/22,44.02503577,44.81000137,44.97999954,43.90000153,43.91999817,17505200
PFE,9/22/22,42.90500236,43.66999817,45,43.52000046,44.56999969,18508100
PFE,9/23/22,43.66151752,44.43999863,44.56000137,43.58000183,44.08000183,18871700
PFE,9/26/22,43.04255236,43.81000137,44.33000183,43.66999817,43.83000183,18680200
PFE,9/27/22,43.44536978,44.22000122,44.58000183,43.74000168,44.09000015,21562700
PFE,9/28/22,43.8874851,44.66999817,44.81000137,44.22000122,44.43000031,16532600
PFE,9/29/22,43.6320418,44.40999985,44.61999893,43.95000076,44.15999985,13559900
PFE,9/30/22,43.3962449,44.16999817,44.61000061,43.72999954,43.75999832,22962300
PFE,10/3/22,43.29799823,44.06999969,44.27999878,43.49000168,44.13999939,22834300
PFE,10/4/22,43.4748434,44.25,44.84000015,44.09000015,44.45999908,28198800
PFE,10/5/22,43.34711838,44.11999893,44.36999893,43.68000031,44.11999893,15673400
PFE,10/6/22,42.99342834,43.75999832,43.77999878,43.04000092,43.09000015,22068200
PFE,10/7/22,42.29586307,43.04999924,43.04999924,41.91999817,42.31999969,20095000
PFE,10/10/22,41.60812653,42.34999847,42.61999893,41.75,41.75,17888000
PFE,10/11/22,40.93021374,41.65999985,42.56999969,41.45000076,41.91999817,20981200
PFE,10/12/22,41.35268198,42.09000015,43.13999939,41.91999817,42.02999878,18803600
PFE,10/13/22,41.02846303,41.75999832,43.15999985,41.70000076,42.97999954,23135200
PFE,10/14/22,42.13866898,42.88999939,43.38000107,42.36000061,42.86000061,16980500
PFE,10/17/22,42.43341216,43.18999863,43.81000137,43.18999863,43.65000153,16678400
PFE,10/18/22,43.27834583,44.04999924,44.36000061,43.61999893,44.09000015,18442800
PFE,10/19/22,43.14079771,43.90999985,44.06999969,42.74000168,43.11000061,23054700
PFE,10/20/22,42.51201181,43.27000046,43.40999985,42.81999969,42.90999985,17715000
PFE,10/21/22,42.55131194,43.31000137,45.15999985,42.99000168,44.95000076,36575700
PFE,10/24/22,44.29030754,45.08000183,45.86999893,44.99000168,45.54000092,24972000
PFE,10/25/22,44.47698013,45.27000046,45.81999969,44.88999939,45.59000015,23127000
PFE,10/26/22,45.11558882,45.91999817,46.65000153,45.61999893,46.06000137,21407900
PFE,10/27/22,45.00752088,45.81000137,46.11000061,45.68000031,45.74000168,20377700
PFE,10/28/22,45.17453995,45.97999954,47.52000046,45.93000031,47.43000031,27854000
PFE,10/31/22,46.2552725,47.08000183,47.38999939,46.54000092,46.54999924,29961700
PFE,11/1/22,47.15915647,48,48.41999817,47.40000153,48.00999832,30614500
PFE,11/2/22,46.93318367,47.77000046,48.16999817,46.95000076,47.06999969,25813100
PFE,11/3/22,45.93826594,46.36000061,46.79999924,46.15999985,46.56999969,20124600
PFE,11/4/22,47.03816918,47.47000122,47.54000092,46.61000061,47.22000122,24528500
PFE,11/7/22,46.73098782,47.15999985,47.65000153,46.75,47.09000015,20304400
PFE,11/8/22,46.61208059,47.04000092,47.75,46.75,47.34999847,18054500
PFE,11/9/22,46.73098651,47.15999985,47.5,46.70000076,46.72000122,15348100
PFE,11/10/22,47.09761924,47.52999878,47.75,46.84999847,47.38000107,20480600
PFE,11/11/22,46.64180337,47.06999969,47.70000076,46.31000137,47.59999847,20909800
PFE,11/14/22,47.55343593,47.99000168,49.81999969,47.93000031,49.24000168,26143000
PFE,11/15/22,48.89115434,49.34000015,49.52999878,48.18000031,48.56999969,25440500
PFE,11/16/22,48.35606559,48.79999924,49.06000137,48.04999924,48.04999924,15822200
PFE,11/17/22,47.36516534,47.79999924,48.5,47.52999878,48.33000183,13231100
PFE,11/18/22,48.19752222,48.63999939,48.83000183,47.86999893,48.22999954,20666500
PFE,11/21/22,47.66243279,48.09999847,48.27999878,47.72000122,48.18000031,14736000
PFE,11/22/22,47.90025214,48.34000015,49.25,48.24000168,49.08000183,16358600
PFE,11/23/22,48.51460906,48.95999908,49.22000122,48.52000046,48.84999847,10710800
PFE,11/25/22,48.48488509,48.93000031,49.22000122,48.84000015,49.20999908,6760200
PFE,11/28/22,48.73260896,49.18000031,49.74000168,49.06000137,49.56999969,20704000
PFE,11/29/22,49.04969847,49.5,49.66999817,49.09999847,49.49000168,17160900
PFE,11/30/22,49.18842513,49.63999939,50.13000107,49.04000092,50.13000107,35572700
PFE,12/1/22,49.85233394,50.31000137,51.15999985,50.27999878,51.08000183,23592600
PFE,12/2/22,50.10005817,50.56000137,51.33000183,50.47999954,50.90999985,16881600
PFE,12/5/22,50.44687175,50.90999985,51.02999878,50.34999847,50.72999954,17959800
PFE,12/6/22,50.20905563,50.66999817,50.84999847,49.18000031,49.70999908,21787100
PFE,12/7/22,49.29742628,49.75,51.15000153,49.75,50.24000168,15929900
PFE,12/8/22,49.72351286,50.18000031,51.86999893,50.02000046,51.77999878,26116800
PFE,12/9/22,51.27922997,51.75,52.84000015,51.63000107,51.72000122,19933500
PFE,12/12/22,51.64586407,52.11999893,52.59000015,51.75,52.15999985,18532200
PFE,12/13/22,52.61694893,53.09999847,54.04000092,52.88000107,53.06999969,29461800
PFE,12/14/22,52.65658765,53.13999939,54.93000031,52.90000153,54.47999954,36260300
PFE,12/15/22,53.57812511,54.06999969,54.43000031,53.40000153,53.61000061,21627100
PFE,12/16/22,52.52776564,53.00999832,53.13999939,51.40000153,51.40000153,65689500
PFE,12/19/22,51.05132464,51.52000046,51.81000137,50.70000076,51.36000061,16081900
PFE,12/20/22,50.74414185,51.20999908,51.50999832,50.84000015,51.31999969,12433800
PFE,12/21/22,51.14050382,51.61000061,52.15999985,51.20000076,51.65999985,12925000
PFE,12/22/22,50.94232363,51.40999985,51.70000076,50.95000076,51.63999939,14822300
PFE,12/23/22,51.09096098,51.56000137,51.95000076,51.24000168,51.83000183,10666500
PFE,12/27/22,51.38822995,51.86000061,51.93000031,51.04999924,51.13000107,12033800
PFE,12/28/22,50.5855973,51.04999924,51.38999939,50.75,50.79999924,10053900
PFE,12/29/22,50.55587108,51.02000046,51.66999817,50.99000168,51.33000183,8971300
PFE,12/30/22,50.82341677,51.29000092,51.40000153,50.75,51.24000168,11396200
PFE,1/3/23,50.54596016,51.00999832,51.33000183,50.81999969,51.25999832,15603800
PFE,1/4/23,49.8325136,50.29000092,50.63000107,49.52000046,50.13000107,21808400
PFE,1/5/23,49.27760723,49.72999954,49.99000168,48.91999817,49.65999985,20057400
PFE,1/6/23,49.52533201,49.97999954,51.59999847,49.56000137,50.91999817,29635900
PFE,1/9/23,49.59469357,50.04999924,50.25999832,48.31000137,48.38999939,30839100
PFE,1/10/23,47.91016068,48.34999847,48.47000122,47.38000107,47.61999893,29212000
PFE,1/11/23,47.26607445,47.70000076,47.74000168,46.86000061,47.45000076,23022200
PFE,1/12/23,46.83998594,47.27000046,47.72000122,46.58000183,47.70999908,23345300
PFE,1/13/23,47.06789264,47.5,48.15999985,47.49000168,47.84999847,18737500
PFE,1/17/23,46.11662685,46.54000092,46.74000168,45.70999908,46.08000183,29391400
PFE,1/18/23,45.13563313,45.54999924,45.84999847,44.97000122,45,33835000
PFE,1/19/23,44.31318408,44.72000122,45.27000046,44.63999939,44.95999908,26614900
PFE,1/20/23,44.86808625,45.27999878,45.43000031,44.72999954,45.11000061,25197600
PFE,1/23/23,44.63027158,45.04000092,45.31999969,44.81999969,44.97999954,19398600
PFE,1/24/23,44.51136097,44.91999817,44.95000076,44.15000153,44.70999908,18853100
PFE,1/25/23,44.62036282,45.02999878,45.11000061,44.59000015,45.06999969,20828000
PFE,1/26/23,44.20000076,44.20000076,44.29999924,43.61000061,44.25,38465500
PFE,1/27/23,44.22000122,44.22000122,44.34000015,43.77999878,43.79000092,23798600
PFE,1/30/23,43.79000092,43.79000092,44.13999939,43.40000153,43.54999924,24402200
PFE,1/31/23,43,43,44.27999878,42.70000076,44.15999985,49722500
PFE,2/1/23,43.90999985,43.90999985,44.18000031,43.40999985,43.97000122,24482300
PFE,2/2/23,43.63000107,43.63000107,44.45999908,43.5,44.34000015,35279200
PFE,2/3/23,44.36000061,44.36000061,44.38999939,43.88000107,44.06000137,23742000
PFE,2/6/23,44.18999863,44.18999863,44.29999924,43.72999954,43.75999832,18071200
PFE,2/7/23,43.81999969,43.81999969,43.90000153,43.25,43.59000015,22999500
PFE,2/8/23,43.54999924,43.54999924,44.09999847,43.52999878,43.97999954,19362300
PFE,2/9/23,44.11999893,44.11999893,44.33000183,43.24000168,43.34000015,20809200
PFE,2/10/23,43.5,43.5,43.97999954,43.25999832,43.88000107,18619600
PFE,2/13/23,43.68000031,43.68000031,44.00999832,43.50999832,43.99000168,17878000
PFE,2/14/23,44.09000015,44.09000015,44.20000076,43.58000183,43.72000122,17506900
PFE,2/15/23,43.41999817,43.41999817,43.61000061,43.11000061,43.31999969,18994700
PFE,2/16/23,43.15000153,43.15000153,43.18000031,42.77000046,42.95000076,17832000
PFE,2/17/23,42.88999939,42.88999939,43.36999893,42.58000183,43.20999908,18293400
PFE,2/21/23,42.81000137,42.81000137,42.93000031,42.61999893,42.70000076,17356600
PFE,2/22/23,42.72000122,42.72000122,42.88999939,42.31000137,42.38000107,17394200
PFE,2/23/23,42.29000092,42.29000092,42.75,42.22000122,42.29999924,21104300
PFE,2/24/23,42.02999878,42.02999878,42.04999924,41.50999832,41.75,16806100
WMT,2/28/22,132.91074,135,136.0700073,133.7700043,135.1600037,26370300
WMT,3/1/22,133.767269,135.8699951,137.8899994,135.0200043,135.9900055,31086900
WMT,3/2/22,133.560518,135.6600037,136.8300018,135.1799927,136.1600037,21104400
WMT,3/3/22,135.16529,137.2899933,140.4700012,136.5500031,139.2899933,19110600
WMT,3/4/22,135.677236,137.8099976,142.9400024,137.5899963,142.8200073,20910700
WMT,3/7/22,139.113239,141.3000031,143.6300049,140.4499969,141.6699982,19434800
WMT,3/8/22,139.310146,141.5,142.4600067,138.5800018,138.7400055,23205800
WMT,3/9/22,137.833364,140,140.2400055,138.1399994,139.4600067,16756100
WMT,3/10/22,137.331264,139.4900055,143,139.0099945,142.6300049,18585100
WMT,3/11/22,140.097774,142.3000031,144.0500031,141.8800049,142.0700073,26297500
WMT,3/14/22,139.822096,142.0200043,144.8500061,141.9900055,144.0500031,35299400
WMT,3/15/22,142.293225,144.5299988,146.1499939,143.8500061,145.7799988,24583600
WMT,3/16/22,143.13993,145.3899994,146.9400024,143.6999969,145.3500061,25498400
WMT,3/17/22,142.764515,144.4499969,145.3000031,142.6499939,145.0099945,21095900
WMT,3/18/22,143.48599,145.1799927,145.5700073,144.1100006,145.4400024,57441400
WMT,3/21/22,143.733084,145.4299927,147.2899933,143.6199951,144.2299957,20825400
WMT,3/22/22,142.922662,144.6100006,144.9700012,142.9799957,143.8000031,19982000
WMT,3/23/22,141.469803,143.1399994,143.7299957,141.5200043,141.9499969,15444200
WMT,3/24/22,140.728584,142.3899994,143.9100037,141.8800049,142.8300018,16958100
WMT,3/25/22,141.776184,143.4499969,143.9299927,142.2599945,143.4499969,4695100
WMT,3/28/22,141.825618,143.5,146.0599976,143.3000031,146,6701900
WMT,3/29/22,144.889446,146.6000061,148.1000061,146.25,147.2299957,6644800
WMT,3/30/22,145.413272,147.1300049,150.1799927,147.0399933,149.8699951,8330500
WMT,3/31/22,147.053885,148.7899933,150.5399933,148.1799927,148.9199982,9054600
WMT,4/1/22,147.913732,149.6600037,151.2700043,148.8399963,151.0099945,6979900
WMT,4/4/22,149.149161,150.9100037,153.1999969,150.0800018,151.0399933,8444200
WMT,4/5/22,149.119509,150.8800049,153.3300018,150.8800049,151.4700012,6219300
WMT,4/6/22,149.257856,151.0200043,155.4199982,150.5,154.9900055,9339500
WMT,4/7/22,153.290255,155.1000061,157.5399933,154.4400024,156.5399933,9029400
WMT,4/8/22,155.079153,156.9100037,158.4100037,156.2100067,157.4100037,7764800
WMT,4/11/22,155.138437,156.9700012,158.2400055,153.6300049,154.2899933,8237600
WMT,4/12/22,152.440302,154.2400055,155.3999939,152.5500031,153.2299957,8920400
WMT,4/13/22,151.659513,153.4499969,157.7899933,153.3500061,157.2200012,9761500
WMT,4/14/22,155.276811,157.1100006,158.2899933,156.4299927,157.0800018,7453500
WMT,4/18/22,154.921001,156.75,157.9799957,155.2100067,155.8800049,4890600
WMT,4/19/22,154.84194,156.6699982,157.9499969,156.0399933,157.6499939,5285000
WMT,4/20/22,156.502332,158.3500061,160.3500061,158.2899933,159.6300049,6607200
WMT,4/21/22,158.054012,159.9199982,160.7700043,159.0700073,159.8699951,6056100
WMT,4/22/22,158.380168,160.25,160.3600006,156.6600037,156.8600006,7015400
WMT,4/25/22,154.545424,156.3699951,157.4700012,154.3500061,156.9400024,6019200
WMT,4/26/22,154.545453,156.3699951,158.1300049,155.1999969,155.3000031,6533700
WMT,4/27/22,153.715249,155.5299988,156.1999969,154.0200043,154.2400055,5832300
WMT,4/28/22,153.418753,155.2299957,156.9799957,154.1000061,156.2100067,4985300
WMT,4/29/22,153.991983,155.8099976,156.2200012,152.7100067,152.9900055,7029600
WMT,5/2/22,153.151905,154.9600067,154.9900055,150.3200073,151.9799957,6672000
WMT,5/3/22,150.651416,152.4299927,154.2799988,151.7799988,152.5099945,5983500
WMT,5/4/22,150.256081,152.0299988,154.8200073,151.5099945,154.6199951,6674200
WMT,5/5/22,152.399241,153.6399994,153.8300018,151.3999939,152.7400055,7744800
WMT,5/6/22,150.48485,151.7100067,153.9499969,148.2700043,149.5599976,11419400
WMT,5/9/22,147.271012,148.4700012,153.1000061,148.1900024,151.3099976,9402400
WMT,5/10/22,150.207095,151.4299927,152.2899933,148.5599976,149.1799927,8287100
WMT,5/11/22,148.19348,149.3999939,150.75,146.9100037,147.6199951,9292900
WMT,5/12/22,146.665922,147.8600006,150.1499939,146.5200043,147.4799957,8414800
WMT,5/13/22,146.51715,147.7100067,148.3800049,146.1399994,148.0500031,6654100
WMT,5/16/22,148.173657,149.3800049,149.7299957,146.4600067,148.2100067,7149700
WMT,5/17/22,135.328223,136.4299927,137.4400024,130.6399994,131.3500061,44313400
WMT,5/18/22,126.996066,128.0299988,128.2700043,121.5299988,122.4300003,34751000
WMT,5/19/22,119.893896,120.8700027,121.7900009,118.5999985,119.0699997,23669500
WMT,5/20/22,118.673822,119.6399994,120.8399963,117.2699966,119.1999969,16452000
WMT,5/23/22,118.951559,119.9199982,123.7699966,119.8600006,122.5999985,14560300
WMT,5/24/22,120.231146,121.2099991,124.5500031,121.0800018,124.1299973,11528300
WMT,5/25/22,122.998613,124,124.6699982,122.5999985,123.3700027,9040600
WMT,5/26/22,124.288116,125.3000031,126.4000015,124.4000015,126,9399200
WMT,5/27/22,124.476577,125.4899979,128.6199951,125.3099976,128.4799957,8433300
WMT,5/31/22,126.430668,127.4599991,129.8999939,127.4199982,128.6300049,12304100
WMT,6/1/22,127.462269,128.5,128.9199982,124.6800003,125.4499969,9511600
WMT,6/2/22,124.555935,125.5699997,127.5299988,124.3300018,127.5100021,7738100
WMT,6/3/22,125.647049,126.6699982,127.4199982,125.0899963,125.3199997,6100900
WMT,6/6/22,124.803913,125.8199997,126.3000031,124.5899963,124.8700027,6618500
WMT,6/7/22,120.260899,121.2399979,123.4899979,120.8799973,123.3700027,15902600
WMT,6/8/22,121.361939,122.3499985,123.9100037,121.9499969,122.3000031,7507600
WMT,6/9/22,121.01476,122,124.3499985,120.9899979,121.0199966,6626700
WMT,6/10/22,118.782937,119.75,122.7399979,119.3399963,121.6999969,8412700
WMT,6/13/22,118.773008,119.7399979,121.2399979,119.0899963,119.4100037,8299300
WMT,6/14/22,118.167941,119.1299973,120,118.1699982,119.4599991,7181400
WMT,6/15/22,119.001156,119.9700012,120.4100037,117.9000015,119.3799973,8638000
WMT,6/16/22,117.39424,118.3499985,121.7600021,118.2300034,120.6200027,10235600
WMT,6/17/22,119.050749,120.0199966,120.8799973,117.9700012,118.2900009,12279600
WMT,6/21/22,117.344653,118.3000031,122.7799988,118.2200012,122.1699982,7972200
WMT,6/22/22,121.113957,122.0999985,123.25,120.5899963,120.6900024,6745000
WMT,6/23/22,120.76678,121.75,123.9599991,121.1999969,123.6200027,6013600
WMT,6/24/22,123.087886,124.0899963,125.3099976,123.1600037,123.7200012,10615300
WMT,6/27/22,122.780387,123.7799988,124.7399979,122.7900009,124.1200027,6629700
WMT,6/28/22,123.65329,124.6600037,125.5699997,122.2900009,122.3700027,5133000
WMT,6/29/22,121.897577,122.8899994,123.3499985,120.9700012,121.9199982,6370500
WMT,6/30/22,119.903808,120.8799973,122.0599976,119.8899994,121.5800018,6388700
WMT,7/1/22,120.955249,121.9400024,122.9199982,121.1600037,122.6299973,5820300
WMT,7/5/22,121.223063,122.2099991,124.5100021,121.6100006,124.25,6072700
WMT,7/6/22,123.474739,124.4800034,126.2799988,124.3000031,125.1299973,7100000
WMT,7/7/22,124.179005,125.1900024,125.5299988,124.1200027,125.3199997,5829100
WMT,7/8/22,124.80392,125.8199997,126.6100006,125.1500015,125.4000015,4917000
WMT,7/11/22,124.01037,125.0199966,126.3300018,124.6200027,125.4499969,3844300
WMT,7/12/22,124.099645,125.1100006,127.1299973,124.7200012,125.0699997,4577400
WMT,7/13/22,123.435062,124.4400024,126.4599991,123.9100037,125.3700027,4229700
WMT,7/14/22,123.157319,124.1600037,128.3200073,124.1399994,127.8199997,6968500
WMT,7/15/22,127.759856,128.8000031,130.2700043,128.0500031,129.0700073,7061400
WMT,7/18/22,127.611054,128.6499939,130.3000031,128.2599945,128.7700043,4747900
WMT,7/19/22,128.345092,129.3899994,129.9600067,128.6000061,129.5599976,5665100
WMT,7/20/22,129.456036,130.5099945,131.3099976,129.5,130.6399994,6188300
WMT,7/21/22,129.62466,130.6799927,132.5599976,130.5,132.5500031,6254900
WMT,7/22/22,131.46964,132.5399933,133.3899994,131.2299957,132.2100067,4538800
WMT,7/25/22,131.320865,132.3899994,132.6999969,131.4600067,132.0200043,6845100
WMT,7/26/22,120.151792,121.1299973,122.6900024,120.0599976,121.9800034,31797200
WMT,7/27/22,120.260895,121.2399979,126.7699966,121.0299988,126.5899963,14053200
WMT,7/28/22,125.250279,126.2699966,130.5099945,126.2699966,129.75,11087400
WMT,7/29/22,127.283739,128.3200073,132.2599945,128.0099945,132.0500031,10047300
WMT,8/1/22,130.001606,131.0599976,134.2299957,131,132.5399933,8332100
WMT,8/2/22,132.074711,133.1499939,133.7100067,131.3999939,132.6799927,6565000
WMT,8/3/22,131.092719,132.1600037,132.9400024,129.8600006,130.5,10667700
WMT,8/4/22,129.614743,130.6699982,130.8000031,125.3300018,125.5699997,17702000
WMT,8/5/22,124.496419,125.5100021,126.8099976,125.1200027,126.5800018,10669000
WMT,8/8/22,125.627214,126.6500015,128.2100067,126.6100006,127.6100006,6058400
WMT,8/9/22,126.857203,127.8899994,128.9700012,127.2099991,128.8699951,6441700
WMT,8/10/22,128.950162,130,130.1499939,128.3899994,129.1399994,8417000
WMT,8/11/22,129.212899,129.6999969,130.3699951,128.6000061,129.8200073,7951500
WMT,8/12/22,129.511771,130,132.8399963,129.8200073,132.2200012,8875000
WMT,8/15/22,131.135647,131.6300049,133.5700073,131.3600006,132.6000061,8838700
WMT,8/16/22,138.378337,138.8999939,140.9299927,138.1900024,139.3699951,30591100
WMT,8/17/22,138.049588,138.5700073,142.7200012,138.3999939,139.5200043,13930700
WMT,8/18/22,139.005978,139.5299988,140.4199982,138.5,139.0700073,6399200
WMT,8/19/22,138.39826,138.9199982,139.0700073,136.9100037,137.0200043,7639600
WMT,8/22/22,135.688474,136.1999969,136.7200012,134.4400024,134.5700073,6222400
WMT,8/23/22,134.10446,134.6100006,134.9600067,133.2100067,134,5651700
WMT,8/24/22,133.845438,134.3500061,135.2899933,133.6000061,134.9700012,5255500
WMT,8/25/22,134.77193,135.2799988,135.9900055,135.0299988,135.8699951,6471500
WMT,8/26/22,135.598815,136.1100006,136.8300018,131.5099945,131.6000061,7110600
WMT,8/29/22,130.338647,130.8300018,133.8699951,130.5899963,132.8800049,5793900
WMT,8/30/22,132.839223,133.3399963,133.6499939,131.7400055,132.4799957,4822700
WMT,8/31/22,132.281332,132.7799988,133.7899933,131.9299927,132.5500031,7486900
WMT,9/1/22,132.042228,132.5399933,135.1399994,132.3999939,134.4799957,7247300
WMT,9/2/22,134.343562,134.8500061,135.6699982,132.4400024,133,5744800
WMT,9/6/22,132.550312,133.0500031,133.6199951,130.7200012,132.3399963,7299900
WMT,9/7/22,132.560267,133.0599976,135.9700012,132.7400055,135.7400055,5686300
WMT,9/8/22,134.891487,135.3999939,136.8699951,134.8800049,136.4299927,5652000
WMT,9/9/22,135.788115,136.3000031,137.5,136.1300049,136.8399963,5380200
WMT,9/12/22,136.56518,137.0800018,138.25,136.9700012,138.0700073,4761500
WMT,9/13/22,136.345998,136.8600006,137.9499969,134.8099976,135.2200012,5895800
WMT,9/14/22,135.120624,135.6300049,136.5299988,134.1000061,134.9199982,6644900
WMT,9/15/22,134.542803,135.0500031,135.1499939,132.9700012,133.4700012,6729800
WMT,9/16/22,131.504256,132,134.5500031,131.2799988,133.1900024,13958100
WMT,9/19/22,132.321192,132.8200073,134.7599945,132.4700012,134.3300018,5617700
WMT,9/20/22,132.978687,133.4799957,133.8800049,132.5399933,133.5500031,4654500
WMT,9/21/22,134.931337,135.4400024,137.4499969,134.6199951,134.7700043,8301200
WMT,9/22/22,134.064614,134.5700073,134.7200012,132.8399963,133.3899994,5581500
WMT,9/23/22,132.370977,132.8699951,133.1799927,128.7700043,130.0599976,9065100
WMT,9/26/22,128.266466,128.75,132.1399994,128.2700043,131.3099976,7670400
WMT,9/27/22,131.733382,132.2299957,133.4299927,130.3000031,130.9499969,5723900
WMT,9/28/22,130.91648,131.4100037,133.6499939,129.7200012,133.1100006,5612800
WMT,9/29/22,132.998617,133.5,134.1199951,131.6300049,132.25,5080500
WMT,9/30/22,131.74336,132.2400055,132.3600006,129.6999969,129.6999969,6534100
WMT,10/3/22,129.750879,130.2400055,132.7899933,130.0099945,132.5299988,5858300
WMT,10/4/22,133.357269,133.8600006,135.1999969,133.3699951,134.25,5378100
WMT,10/5/22,133.257649,133.7599945,134.6199951,132.5099945,132.9199982,4851300
WMT,10/6/22,132.580207,133.0800018,134.4799957,131.5800018,131.6799927,4733500
WMT,10/7/22,130.816851,131.3099976,131.6499939,128.0700073,128.5599976,5693500
WMT,10/10/22,129.043538,129.5299988,129.9299927,128.2799988,129.3200073,3803900
WMT,10/11/22,129.023602,129.5099945,133.8000031,129.4600067,132.6699982,7092000
WMT,10/12/22,132.510454,133.0099945,134.7700043,130.9700012,131.1699982,5649200
WMT,10/13/22,128.79447,129.2799988,132.9400024,128.3699951,132.2799988,6848500
WMT,10/14/22,131.942601,132.4400024,133.2200012,130.0500031,130.4299927,5547000
WMT,10/17/22,130.468169,130.9600067,132.8300018,130.5899963,131.3699951,5937500
WMT,10/18/22,132.928875,133.4299927,135.1000061,133.3300018,134.1399994,5614100
WMT,10/19/22,133.825511,134.3300018,134.7299957,132.9700012,133.7599945,3779800
WMT,10/20/22,133.476823,133.9799957,135.3999939,133.6499939,134.0899963,4251600
WMT,10/21/22,134.303708,134.8099976,137.4100037,134,136.8000031,6044900
WMT,10/24/22,136.933783,137.4499969,140.4799957,137.1300049,139.4100037,6268900
WMT,10/25/22,138.56763,139.0899963,140.4400024,138.3200073,140.0700073,5017100
WMT,10/26/22,139.832855,140.3600006,142.0399933,139.8200073,141.1399994,6918100
WMT,10/27/22,140.480409,141.0099945,142.1000061,140.2899933,140.7299957,5534300
WMT,10/28/22,139.524025,140.0500031,142.8999939,140.0399933,142.5099945,4549400
WMT,10/31/22,141.805413,142.3399963,143.0700073,141.7700043,142.3300018,7524000
WMT,11/1/22,142.433059,142.9700012,143.5500031,141.5,141.6900024,4938100
WMT,11/2/22,140.629854,141.1600037,143.5700073,140.6999969,140.75,5174000
WMT,11/3/22,138.986051,139.5099945,141.7100067,139.0800018,140.7200012,3658800
WMT,11/4/22,141.496584,142.0299988,142.2100067,138.7899933,140.9700012,4889800
WMT,11/7/22,140.729475,141.2599945,142.9700012,141.2599945,142.4499969,3788000
WMT,11/8/22,142.04452,142.5800018,144.0700073,141.5099945,142.7899933,5022800
WMT,11/9/22,142.223835,142.7599945,143.1600037,139.2100067,139.4700012,5310700
WMT,11/10/22,141.974778,142.5099945,142.6900024,140.5,142.3600006,6770200
WMT,11/11/22,142.134183,142.6699982,143.1199951,139.9900055,142.5800018,6423600
WMT,11/14/22,141.108049,141.6399994,143.3200073,138.2700043,138.3899994,12508600
WMT,11/15/22,145.063147,145.6100006,150.2700043,144.5500031,147.4400024,25516200
WMT,11/16/22,147.324625,147.8800049,150.1999969,147.1199951,148.5,10864400
WMT,11/17/22,146.457881,147.0099945,148.7299957,146.7100067,148,8263800
WMT,11/18/22,149.107892,149.6699982,150.2400055,148.7700043,150.2299957,6329000
WMT,11/21/22,150.044371,150.6100006,152.1399994,150.1900024,151.1499939,7052400
WMT,11/22/22,151.429149,152,152.4499969,151.1199951,151.6900024,5632800
WMT,11/23/22,151.508845,152.0800018,153.3699951,151.8800049,152.4199982,5640200
WMT,11/25/22,151.548688,152.1199951,153.0899963,151.8600006,153.0700073,2925800
WMT,11/28/22,152.146445,152.7200012,154.6399994,152.7200012,153.5099945,5891600
WMT,11/29/22,152.45528,153.0299988,153.7100067,152.5500031,152.9700012,4613900
WMT,11/30/22,152.036854,152.6100006,152.7700043,151.1999969,152.4199982,10446000
WMT,12/1/22,151.478956,152.0500031,153.6100006,150.7299957,153.3699951,7577400
WMT,12/2/22,150.911091,151.4799957,153.2400055,151.4799957,153.2200012,6911000
WMT,12/5/22,152.176335,152.75,153,150.5099945,151.6499939,7869400
WMT,12/6/22,150.63215,151.1999969,151.9100037,149.2100067,149.8899994,6875200
WMT,12/7/22,149.934782,150.5,151.2100067,148.8200073,149.1100006,5850100
WMT,12/8/22,149.160004,149.1600037,149.2799988,148.1399994,148.7799988,4504200
WMT,12/9/22,147.470001,147.4700012,147.7200012,145.2200012,145.3099976,9309800
WMT,12/12/22,145.899994,145.8999939,148.1000061,145.5599976,148.0200043,6477400
WMT,12/13/22,150,150,150.1999969,146.7400055,147.4900055,7802700
WMT,12/14/22,147.089996,147.0899963,148.5299988,145.9600067,146.6699982,6778200
WMT,12/15/22,145.580002,145.5800018,146.4199982,143.6300049,145.3600006,5838000
WMT,12/16/22,144.479996,144.4799957,144.7200012,142.5700073,142.75,13447700
WMT,12/19/22,143.009995,143.0099945,143.5599976,141.7299957,142.8000031,5022500
WMT,12/20/22,142.919998,142.9199982,144.6399994,142.25,144.0500031,5669800
WMT,12/21/22,144.320007,144.3200073,145.9400024,144.2599945,145.1799927,4575500
WMT,12/22/22,144.770004,144.7700043,144.9799957,141.9299927,143.4799957,4360800
WMT,12/23/22,143.050003,143.0500031,143.8000031,142.2799988,143.7700043,3182500
WMT,12/27/22,144.039993,144.0399933,144.4499969,143.1900024,143.8099976,3348200
WMT,12/28/22,143.470001,143.4700012,143.6699982,140.9100037,141.2899933,5082100
WMT,12/29/22,142.139999,142.1399994,143.0200043,141.75,142.1499939,3057300
WMT,12/30/22,141.559998,141.5599976,141.9900055,140.8099976,141.7899933,3834800
WMT,1/3/23,142.550003,142.5500031,143.7100067,142.0899963,143.6000061,5749900
WMT,1/4/23,143.419998,143.4199982,144.0500031,142.0700073,143.7599945,4446100
WMT,1/5/23,143.460007,143.4600067,144.1300049,142.6499939,143.2700043,4424800
WMT,1/6/23,144.600006,144.6000061,147.5500031,144.2400055,146.7799988,7076300
WMT,1/9/23,146.320007,146.3200073,147.8600006,144.8000031,144.9499969,5918900
WMT,1/10/23,144.940002,144.9400024,145.4499969,143.7299957,144.8600006,3990200
WMT,1/11/23,145.740005,145.7400055,146.1799927,144.7299957,146.1300049,4944900
WMT,1/12/23,146.410004,146.4100037,146.4199982,144.3899994,144.8099976,4157600
WMT,1/13/23,145.529999,145.5299988,145.8200073,143.8600006,145.2899933,4566600
WMT,1/17/23,145.289993,145.2899933,145.7100067,144.1999969,144.4100037,5040800
WMT,1/18/23,144.199997,144.1999969,144.25,140.4799957,140.8399963,7558100
WMT,1/19/23,141.389999,141.3899994,141.5299988,138.7899933,138.8300018,5780700
WMT,1/20/23,139.399994,139.3999939,140.7799988,138.1699982,140.5399933,9841500
WMT,1/23/23,140.460007,140.4600067,143.0099945,140.1999969,142.6399994,4383300
WMT,1/24/23,146.550003,146.5500031,159.8800049,141,143.0200043,4556500
WMT,1/25/23,142.240005,142.2400055,142.8399963,140.3899994,142.3399963,4163900
WMT,1/26/23,143.029999,143.0299988,143.75,141.7599945,142.2100067,5273000
WMT,1/27/23,142.600006,142.6000061,144.4700012,141.75,143.3000031,6135900
WMT,1/30/23,142.119995,142.1199951,142.4499969,141.2700043,142.1499939,5299200
WMT,1/31/23,142.320007,142.3200073,143.8800049,141.6600037,143.8699951,4701200
WMT,2/1/23,143.660004,143.6600037,145.6100006,142.6999969,144.6699982,4283100
WMT,2/2/23,144.410004,144.4100037,144.8600006,142.9400024,143.6199951,5935600
WMT,2/3/23,143.360001,143.3600006,143.9600067,140.8600006,141.7100067,5717000
WMT,2/6/23,141.820007,141.8200073,142.1000061,140.0299988,140.6799927,5818000
WMT,2/7/23,139.770004,139.7700043,141.3000031,138.6900024,140.9799957,5447100
WMT,2/8/23,140.330002,140.3300018,141.1000061,139.9900055,140.2200012,3897100
WMT,2/9/23,140.869995,140.8699951,141.9400024,140.5700073,141.5200043,4354800
WMT,2/10/23,143.089996,143.0899963,143.9400024,142.1699982,143.7200012,5000000
WMT,2/13/23,144.710007,144.7100067,146.1199951,144.5099945,145.9100037,5338600
WMT,2/14/23,145.729996,145.7299957,147.1300049,144.5599976,145.4900055,4610400
WMT,2/15/23,144.960007,144.9600067,146.6000061,144.5599976,146.5700073,4892700
WMT,2/16/23,145.479996,145.4799957,145.9900055,144.1799927,144.2700043,5437400
WMT,2/17/23,145.110001,145.1100006,146.6900024,144.5700073,146.4400024,8250700
WMT,2/21/23,142.880005,142.8800049,148.3399963,142.1499939,147.3300018,18131300
WMT,2/22/23,146.770004,146.7700043,147.5700073,142.7599945,144.2400055,9948000
WMT,2/23/23,144.369995,144.3699951,144.3699951,140.7100067,142.0899963,7340400
WMT,2/24/23,140.839996,140.8399963,142.7400055,139.5299988,142.4700012,6871300
TSLA,2/28/22,271.670013,271.6700134,292.2866821,271.5700073,290.1433411,99006900
TSLA,3/1/22,289.893341,289.8933411,296.6266785,284.5933228,288.1233215,74766900
TSLA,3/2/22,290.709991,290.7099915,295.4933472,281.4233398,293.2966614,74643300
TSLA,3/3/22,292.92334,292.9233398,295.480011,277.5333252,279.7633362,61623600
TSLA,3/4/22,283.033325,283.0333252,285.2166748,275.0533447,279.4299927,66999600
TSLA,3/7/22,285.433319,285.4333191,288.7133179,268.1900024,268.1933289,72494100
TSLA,3/8/22,265.176666,265.1766663,283.3299866,260.7233276,274.7999878,80399100
TSLA,3/9/22,279.82666,279.8266602,286.8533325,277.3366699,286.3233337,59184000
TSLA,3/10/22,283.816681,283.8166809,284.8166809,270.1199951,279.4333191,58648500
TSLA,3/11/22,280.066681,280.0666809,281.2666626,264.5899963,265.1166687,67037100
TSLA,3/14/22,260.203339,260.2033386,266.8999939,252.0133362,255.456665,71152200
TSLA,3/15/22,258.42334,258.4233398,268.5233459,252.1900024,267.2966614,66841200
TSLA,3/16/22,269.666656,269.6666565,280.6666565,267.4200134,280.0766602,84028800
TSLA,3/17/22,276.996674,276.9966736,291.6666565,275.2399902,290.5333252,66582900
TSLA,3/18/22,291.496674,291.4966736,302.6166687,289.1300049,301.7966614,100414200
TSLA,3/21/22,304.993347,304.9933472,314.2833252,302.3633423,307.0533447,81981600
TSLA,3/22/22,310,310,332.6199951,307.25,331.3266602,105868500
TSLA,3/23/22,326.646667,326.6466675,346.8999939,325.4666748,333.0366821,120676200
TSLA,3/24/22,336.57666,336.5766602,341.4966736,329.6000061,337.9733276,68920800
TSLA,3/25/22,336,336,340.6000061,332.4400024,336.8800049,62031600
TSLA,3/28/22,355.033325,355.0333252,365.9599915,351.2000122,363.9466553,102506100
TSLA,3/29/22,369.329987,369.3299866,371.5899963,357.7033386,366.5233459,73614900
TSLA,3/30/22,363.723328,363.7233276,371.3166809,361.3333435,364.6633301,59865000
TSLA,3/31/22,364.856659,364.8566589,367.7133179,358.8800049,359.2000122,48992700
TSLA,4/1/22,360.383331,360.3833313,364.9166565,355.5466614,361.5299988,54263100
TSLA,4/4/22,363.126678,363.1266785,383.3033447,357.5100098,381.8166809,82035900
TSLA,4/5/22,378.766663,378.7666626,384.2900085,362.4333191,363.7533264,80075100
TSLA,4/6/22,357.823334,357.8233337,359.6666565,342.5666809,348.5866699,89348400
TSLA,4/7/22,350.796661,350.7966614,358.8633423,340.5133362,352.4200134,79447200
TSLA,4/8/22,347.736664,347.7366638,349.480011,340.813324,341.8299866,55013700
TSLA,4/11/22,326.799988,326.7999878,336.1566772,324.8800049,325.3099976,59357100
TSLA,4/12/22,332.546661,332.5466614,340.3966675,325.5333252,328.9833374,65976000
TSLA,4/13/22,327.026672,327.0266724,342.0799866,324.3666687,340.7900085,55121100
TSLA,4/14/22,333.09668,333.0966797,337.5700073,327.3966675,328.3333435,58422300
TSLA,4/18/22,329.676666,329.6766663,338.3066711,324.4700012,334.7633362,51715200
TSLA,4/19/22,335.019989,335.019989,344.980011,331.7766724,342.7166748,49847700
TSLA,4/20/22,343.333344,343.3333435,344.6666565,325.0833435,325.7333374,70711200
TSLA,4/21/22,358.243347,358.2433472,364.0733337,332.1400146,336.2600098,105416400
TSLA,4/22/22,338.303345,338.3033447,344.9500122,331.3333435,335.0166626,69696600
TSLA,4/25/22,326.323334,326.3233337,336.206665,325.1000061,332.6733398,68341200
TSLA,4/26/22,331.809998,331.8099976,333.3333435,291.6666565,292.1400146,136133700
TSLA,4/27/22,299.526672,299.5266724,306,292.4533386,293.8366699,76956300
TSLA,4/28/22,299.993347,299.9933472,300,273.8999939,292.5033264,124948500
TSLA,4/29/22,300.75,300.75,311.4666748,290,290.2533264,88133100
TSLA,5/2/22,286.92334,286.9233398,302.1199951,282.6766663,300.980011,75781500
TSLA,5/3/22,301.059998,301.0599976,308.0266724,296.1966553,303.0833435,63709500
TSLA,5/4/22,301.313324,301.313324,318.5,295.0933228,317.5400085,81643800
TSLA,5/5/22,313.006653,313.0066528,315.2000122,285.8999939,291.0933228,92519100
TSLA,5/6/22,295.666656,295.6666565,296,281.0366821,288.5499878,72903000
TSLA,5/9/22,278.816681,278.8166809,281.8766785,260.3833313,262.3699951,90810300
TSLA,5/10/22,273.103333,273.1033325,275.1199951,258.0833435,266.6799927,84401700
TSLA,5/11/22,265,265,269.9233398,242.3999939,244.6666718,97224600
TSLA,5/12/22,233.666672,233.6666718,253.2200012,226.6666718,242.6666718,140313000
TSLA,5/13/22,257.82666,257.8266602,262.4500122,250.5233307,256.5299988,92150700
TSLA,5/16/22,255.720001,255.7200012,256.5866699,239.6966705,241.456665,86098500
TSLA,5/17/22,249.119995,249.1199951,254.8266602,242.9499969,253.8699951,80236200
TSLA,5/18/22,248.17334,248.1733398,253.5,233.6033325,236.6033325,87811800
TSLA,5/19/22,235.666672,235.6666718,244.6666718,231.3699951,236.4733276,90296700
TSLA,5/20/22,237.996674,237.9966736,240.5266724,211,221.3000031,144973200
TSLA,5/23/22,218.339996,218.3399963,226.6533356,212.6866608,224.9666595,88903500
TSLA,5/24/22,217.843338,217.843338,217.9733276,206.8566742,209.386673,89092500
TSLA,5/25/22,207.949997,207.9499969,223.1066742,207.6699982,219.6000061,92139300
TSLA,5/26/22,220.473328,220.4733276,239.5566711,217.886673,235.9100037,106003200
TSLA,5/27/22,241.083328,241.0833282,253.2666626,240.1766663,253.2100067,89295000
TSLA,5/31/22,257.946655,257.9466553,259.6000061,244.7433319,252.7533264,101914500
TSLA,6/1/22,251.720001,251.7200012,257.3266602,243.6399994,246.7899933,77247900
TSLA,6/2/22,244.156662,244.156662,264.2099915,242.0666656,258.3333435,93473100
TSLA,6/3/22,243.226669,243.2266693,247.7966614,233.4166718,234.5166626,112393800
TSLA,6/6/22,244.353333,244.3533325,244.8666687,234.3500061,238.2799988,84204600
TSLA,6/7/22,234,234,239.9966736,230.093338,238.886673,72808500
TSLA,6/8/22,240.08667,240.0866699,249.9633331,239.1766663,241.8666687,76210500
TSLA,6/9/22,249.339996,249.3399963,255.5466614,239.3266602,239.706665,96491400
TSLA,6/10/22,235.156662,235.156662,239.5,227.9133301,232.2299957,97536600
TSLA,6/13/22,223.166672,223.1666718,226.6333313,214.6833344,215.7366638,102767400
TSLA,6/14/22,218.286667,218.2866669,226.3300018,211.7366638,220.8899994,97988700
TSLA,6/15/22,220.916672,220.9166718,235.6633301,218.1499939,233,119131800
TSLA,6/16/22,222.736664,222.7366638,225.1666718,208.6933289,213.1000061,107390700
TSLA,6/17/22,213.433334,213.4333344,220.9700012,213.1966705,216.7599945,92641800
TSLA,6/21/22,224.603333,224.6033325,243.5766602,224.3333282,237.0366669,122793000
TSLA,6/22/22,234.503326,234.5033264,246.8333282,233.8266602,236.0866699,101107500
TSLA,6/23/22,237.906662,237.906662,239.3166656,228.636673,235.0700073,104202600
TSLA,6/24/22,237.470001,237.4700012,246.0666656,236.0866699,245.706665,95770800
TSLA,6/27/22,249.366669,249.3666687,252.0700073,242.5666656,244.9199982,89178300
TSLA,6/28/22,244.483337,244.4833374,249.9700012,232.343338,232.6633301,90391200
TSLA,6/29/22,230.5,230.5,231.1733398,222.2733307,228.4900055,82897200
TSLA,6/30/22,224.509995,224.5099945,229.456665,218.863327,224.4733276,94600500
TSLA,7/1/22,227,227,230.2299957,222.1199951,227.2633362,74460300
TSLA,7/5/22,223,223,233.1466675,216.1666718,233.0666656,84581100
TSLA,7/6/22,230.779999,230.7799988,234.5633392,227.1866608,231.7333374,71853600
TSLA,7/7/22,233.919998,233.9199982,245.363327,232.2100067,244.543335,81930600
TSLA,7/8/22,242.333328,242.3333282,254.9799957,241.1600037,250.7633362,101854200
TSLA,7/11/22,252.103333,252.1033325,253.0633392,233.6266632,234.343338,99241200
TSLA,7/12/22,236.846664,236.8466644,239.7733307,228.3699951,233.0700073,87930900
TSLA,7/13/22,225.5,225.5,242.0599976,225.0333405,237.0399933,97954500
TSLA,7/14/22,234.896667,234.8966675,238.6533356,229.3333282,238.3133392,78557400
TSLA,7/15/22,240,240,243.6233368,236.8899994,240.0666656,69683100
TSLA,7/18/22,244.936661,244.9366608,250.5166626,239.6033325,240.5466614,82537500
TSLA,7/19/22,245,245,247.1399994,236.9766693,245.5299988,80890200
TSLA,7/20/22,246.78334,246.7833405,250.6633301,243.4833374,247.5,88864200
TSLA,7/21/22,255.106674,255.1066742,273.2666626,254.8666687,271.706665,142032300
TSLA,7/22/22,276.220001,276.2200012,280.7866821,270.7133179,272.2433472,103472700
TSLA,7/25/22,272.216675,272.2166748,274.1466675,267.3999939,268.4333191,64073400
TSLA,7/26/22,266.513336,266.5133362,267.3099976,256.2633362,258.8599854,66820800
TSLA,7/27/22,263.809998,263.8099976,275.9266663,261.7900085,274.8200073,88110000
TSLA,7/28/22,280.066681,280.0666809,283.2999878,272.7999878,280.8999939,84723000
TSLA,7/29/22,280.700012,280.7000122,298.3200073,279.1000061,297.1499939,95313000
TSLA,8/1/22,301.276672,301.2766724,311.8766785,295,297.2766724,117042900
TSLA,8/2/22,294.003326,294.0033264,307.8333435,292.6666565,300.5866699,95577600
TSLA,8/3/22,305,305,309.5499878,301.1499939,307.3966675,80091000
TSLA,8/4/22,311,311,313.6066589,305,308.6333313,72256200
TSLA,8/5/22,302.670013,302.6700134,304.6066589,285.543335,288.1700134,113172900
TSLA,8/8/22,295,295,305.2000122,289.0866699,290.4233398,98994000
TSLA,8/9/22,290.293335,290.293335,292.3966675,279.3533325,283.3333435,86244600
TSLA,8/10/22,297.066681,297.0666809,297.5100098,283.3699951,294.3566589,94918800
TSLA,8/11/22,296.513336,296.5133362,298.2366638,285.8333435,286.6300049,70155000
TSLA,8/12/22,289.416656,289.4166565,300.1600037,285.0333252,300.0299988,79657200
TSLA,8/15/22,301.786682,301.7866821,313.1333313,301.230011,309.3200073,89359200
TSLA,8/16/22,311.666656,311.6666565,314.6666565,302.8833313,306.563324,88136400
TSLA,8/17/22,303.396667,303.3966675,309.6566772,300.0333252,303.9966736,68766000
TSLA,8/18/22,306,306,306.5,301.8533325,302.8699951,47500500
TSLA,8/19/22,299,299,300.3599854,292.5,296.6666565,61395300
TSLA,8/22/22,291.91333,291.9133301,292.3999939,286.2966614,289.9133301,55843200
TSLA,8/23/22,291.453339,291.4533386,298.8266602,287.9233398,296.4533386,63984900
TSLA,8/24/22,297.563324,297.563324,303.6466675,296.5,297.0966797,57259800
TSLA,8/25/22,302.359985,302.3599854,302.9599915,291.6000061,296.0700073,53230000
TSLA,8/26/22,297.429993,297.4299927,302,287.4700012,288.0899963,57163900
TSLA,8/29/22,282.829987,282.8299866,287.7399902,280.7000122,284.8200073,41864700
TSLA,8/30/22,287.869995,287.8699951,288.480011,272.6499939,277.7000122,50541800
TSLA,8/31/22,280.619995,280.6199951,281.25,271.8099976,275.6099854,52107300
TSLA,9/1/22,272.579987,272.5799866,277.5799866,266.1499939,277.1600037,54287000
TSLA,9/2/22,281.070007,281.0700073,282.3500061,269.0799866,270.2099915,50890100
TSLA,9/6/22,272.679993,272.6799927,275.9899902,265.7399902,274.4200134,55860000
TSLA,9/7/22,273.100006,273.1000061,283.8399963,272.269989,283.7000122,50028900
TSLA,9/8/22,281.299988,281.2999878,289.5,279.7600098,289.2600098,53713100
TSLA,9/9/22,291.670013,291.6700134,299.8500061,291.25,299.6799927,54338100
TSLA,9/12/22,300.720001,300.7200012,305.4899902,300.3999939,304.4200134,48674600
TSLA,9/13/22,292.899994,292.8999939,297.3999939,290.3999939,292.1300049,68229600
TSLA,9/14/22,292.23999,292.2399902,306,291.6400146,302.6099854,72628700
TSLA,9/15/22,301.829987,301.8299866,309.1199951,300.7200012,303.75,64795500
TSLA,9/16/22,299.609985,299.6099854,303.7099915,295.6000061,303.3500061,87087800
TSLA,9/19/22,300.089996,300.0899963,309.8399963,297.7999878,309.0700073,60231200
TSLA,9/20/22,306.910004,306.9100037,313.3299866,305.5799866,308.730011,61642800
TSLA,9/21/22,308.290009,308.2900085,313.7999878,300.6300049,300.7999878,62555700
TSLA,9/22/22,299.859985,299.8599854,301.2900085,285.8200073,288.5899963,70545400
TSLA,9/23/22,283.089996,283.0899963,284.5,272.8200073,275.3299866,63748400
TSLA,9/26/22,271.829987,271.8299866,284.0899963,270.3099976,276.0100098,58076900
TSLA,9/27/22,283.839996,283.8399963,288.6700134,277.5100098,282.9400024,61925200
TSLA,9/28/22,283.079987,283.0799866,289,277.5700073,287.8099976,54664800
TSLA,9/29/22,282.76001,282.7600098,283.6499939,265.7799988,268.2099915,77620600
TSLA,9/30/22,266.149994,266.1499939,275.5700073,262.4700012,265.25,67726600
TSLA,10/3/22,254.5,254.5,255.1600037,241.0099945,242.3999939,98363500
TSLA,10/4/22,250.520004,250.5200043,257.5,242.0099945,249.4400024,109578500
TSLA,10/5/22,245.009995,245.0099945,246.6699982,233.2700043,240.8099976,86982700
TSLA,10/6/22,239.440002,239.4400024,244.5800018,235.3500061,238.1300049,69298400
TSLA,10/7/22,233.940002,233.9400024,234.5700073,222.0200043,223.0700073,83916800
TSLA,10/10/22,223.929993,223.9299927,226.9900055,218.3600006,222.9600067,67925000
TSLA,10/11/22,220.949997,220.9499969,225.75,215,216.5,77013200
TSLA,10/12/22,215.330002,215.3300018,219.3000031,211.5099945,217.2400055,66860700
TSLA,10/13/22,208.300003,208.3000031,222.9900055,206.2200012,221.7200012,91483000
TSLA,10/14/22,224.009995,224.0099945,226.2599945,204.1600037,204.9900055,94124500
TSLA,10/17/22,210.039993,210.0399933,221.8600006,209.4499969,219.3500061,79428800
TSLA,10/18/22,229.5,229.5,229.8200073,217.25,220.1900024,75891900
TSLA,10/19/22,219.800003,219.8000031,222.9299927,217.7799988,222.0399933,66571500
TSLA,10/20/22,208.279999,208.2799988,215.5500031,202,207.2799988,117798100
TSLA,10/21/22,206.419998,206.4199982,214.6600037,203.8000031,214.4400024,75713800
TSLA,10/24/22,205.820007,205.8200073,213.5,198.5899963,211.25,100446800
TSLA,10/25/22,210.100006,210.1000061,224.3500061,210,222.4199982,96507900
TSLA,10/26/22,219.399994,219.3999939,230.6000061,218.1999969,224.6399994,85012500
TSLA,10/27/22,229.770004,229.7700043,233.8099976,222.8500061,225.0899963,61638800
TSLA,10/28/22,225.399994,225.3999939,228.8600006,216.3500061,228.5200043,69152400
TSLA,10/31/22,226.190002,226.1900024,229.8500061,221.9400024,227.5399933,61554300
TSLA,11/1/22,234.050003,234.0500031,237.3999939,227.2799988,227.8200073,62688800
TSLA,11/2/22,226.039993,226.0399933,227.8699951,214.8200073,214.9799957,63070300
TSLA,11/3/22,211.360001,211.3600006,221.1999969,210.1399994,215.3099976,56538800
TSLA,11/4/22,222.600006,222.6000061,223.8000031,203.0800018,207.4700012,98622200
TSLA,11/7/22,208.649994,208.6499939,208.8999939,196.6600037,197.0800018,93916500
TSLA,11/8/22,194.020004,194.0200043,195.1999969,186.75,191.3000031,128803400
TSLA,11/9/22,190.779999,190.7799988,195.8899994,177.1199951,177.5899963,127062700
TSLA,11/10/22,189.899994,189.8999939,191,180.0299988,190.7200012,132703000
TSLA,11/11/22,186,186,196.5200043,182.5899963,195.9700012,114403600
TSLA,11/14/22,192.770004,192.7700043,195.7299957,186.3399963,190.9499969,92226600
TSLA,11/15/22,195.880005,195.8800049,200.8200073,192.0599976,194.4199982,91293800
TSLA,11/16/22,191.509995,191.5099945,192.5700073,185.6600037,186.9199982,66567600
TSLA,11/17/22,183.960007,183.9600067,186.1600037,180.8999939,183.1699982,64336000
TSLA,11/18/22,185.050003,185.0500031,185.1900024,176.5500031,180.1900024,76048900
TSLA,11/21/22,175.850006,175.8500061,176.7700043,167.5399933,167.8699951,92882700
TSLA,11/22/22,168.630005,168.6300049,170.9199982,166.1900024,169.9100037,78452300
TSLA,11/23/22,173.570007,173.5700073,183.6199951,172.5,183.1999969,109536700
TSLA,11/25/22,185.059998,185.0599976,185.1999969,180.6300049,182.8600006,50672700
TSLA,11/28/22,179.960007,179.9600067,188.5,179,182.9199982,92905200
TSLA,11/29/22,184.990005,184.9900055,186.3800049,178.75,180.8300018,83357100
TSLA,11/30/22,182.429993,182.4299927,194.7599945,180.6300049,194.6999969,109186400
TSLA,12/1/22,197.080002,197.0800018,198.9199982,191.8000031,194.6999969,80046200
TSLA,12/2/22,191.779999,191.7799988,196.25,191.1100006,194.8600006,73645900
TSLA,12/5/22,189.440002,189.4400024,191.2700043,180.5500031,182.4499969,93122700
TSLA,12/6/22,181.220001,181.2200012,183.6499939,175.3300018,179.8200073,92150800
TSLA,12/7/22,175.029999,175.0299988,179.3800049,172.2200012,174.0399933,84213300
TSLA,12/8/22,172.199997,172.1999969,175.1999969,169.0599976,173.4400024,97624500
TSLA,12/9/22,173.839996,173.8399963,182.5,173.3600006,179.0500031,104872300
TSLA,12/12/22,176.100006,176.1000061,177.3699951,167.5200043,167.8200073,109794500
TSLA,12/13/22,174.869995,174.8699951,175.0500031,156.9100037,160.9499969,175862700
TSLA,12/14/22,159.25,159.25,161.6199951,155.3099976,156.8000031,140682300
TSLA,12/15/22,153.440002,153.4400024,160.9299927,153.2799988,157.6699982,122334500
TSLA,12/16/22,159.639999,159.6399994,160.9900055,150.0399933,150.2299957,139032200
TSLA,12/19/22,154,154,155.25,145.8200073,149.8699951,139390600
TSLA,12/20/22,146.050003,146.0500031,148.4700012,137.6600037,137.8000031,159563300
TSLA,12/21/22,139.339996,139.3399963,141.2599945,135.8899994,137.5700073,145417400
TSLA,12/22/22,136,136,136.6300049,122.2600021,125.3499985,210090300
TSLA,12/23/22,126.370003,126.3700027,128.6199951,121.0199966,123.1500015,166989700
TSLA,12/27/22,117.5,117.5,119.6699982,108.7600021,109.0999985,208643400
TSLA,12/28/22,110.349998,110.3499985,116.2699966,108.2399979,112.7099991,221070500
TSLA,12/29/22,120.389999,120.3899994,123.5699997,117.5,121.8199997,221923300
TSLA,12/30/22,119.949997,119.9499969,124.4800034,119.75,123.1800003,157304500
TSLA,1/3/23,118.470001,118.4700012,118.8000031,104.6399994,108.0999985,231402800
TSLA,1/4/23,109.110001,109.1100006,114.5899963,107.5199966,113.6399994,180389000
TSLA,1/5/23,110.510002,110.5100021,111.75,107.1600037,110.3399963,157986300
TSLA,1/6/23,103,103,114.3899994,101.8099976,113.0599976,220575900
TSLA,1/9/23,118.959999,118.9599991,123.5199966,117.1100006,119.7699966,190284000
TSLA,1/10/23,121.07,121.0699997,122.7600021,114.9199982,118.8499985,167642500
TSLA,1/11/23,122.089996,122.0899963,125.9499969,120.5100021,123.2200012,183810800
TSLA,1/12/23,122.559998,122.5599976,124.1299973,117,123.5599976,169400900
TSLA,1/13/23,116.550003,116.5500031,122.6299973,115.5999985,122.4000015,180439300
TSLA,1/17/23,125.699997,125.6999969,131.6999969,125.0199966,131.4900055,186477000
TSLA,1/18/23,136.559998,136.5599976,136.6799927,127.0100021,128.7799988,195680300
TSLA,1/19/23,127.260002,127.2600021,129.9900055,124.3099976,127.1699982,170291900
TSLA,1/20/23,128.679993,128.6799927,133.5099945,127.3499985,133.4199982,138429900
TSLA,1/23/23,135.869995,135.8699951,145.3800049,134.2700043,143.75,203119200
TSLA,1/24/23,143,143,146.5,141.1000061,143.8899994,158699100
TSLA,1/25/23,141.910004,141.9100037,146.4100037,138.0700073,144.4299927,192734300
TSLA,1/26/23,159.970001,159.9700012,161.4199982,154.7599945,160.2700043,234815100
TSLA,1/27/23,162.429993,162.4299927,180.6799927,161.1699982,177.8999939,305632100
TSLA,1/30/23,178.050003,178.0500031,179.7700043,166.5,166.6600037,230878800
TSLA,1/31/23,164.570007,164.5700073,174.3000031,162.7799988,173.2200012,196813500
TSLA,2/1/23,173.889999,173.8899994,183.8099976,169.9299927,181.4100037,213806300
TSLA,2/2/23,187.330002,187.3300018,196.75,182.6100006,188.2700043,217448300
TSLA,2/3/23,183.949997,183.9499969,199,183.6900024,189.9799957,231684200
TSLA,2/6/23,193.009995,193.0099945,198.1699982,189.9199982,194.7599945,186188100
TSLA,2/7/23,196.429993,196.4299927,197.5,189.5500031,196.8099976,186010300
TSLA,2/8/23,196.100006,196.1000061,203,194.3099976,201.2899933,180673600
TSLA,2/9/23,207.779999,207.7799988,214,204.7700043,207.3200073,215431400
TSLA,2/10/23,202.229996,202.2299957,206.1999969,192.8899994,196.8899994,204193800
TSLA,2/13/23,194.419998,194.4199982,196.3000031,187.6100006,194.6399994,172475500
TSLA,2/14/23,191.940002,191.9400024,209.8200073,189.4400024,209.25,216455700
TSLA,2/15/23,211.759995,211.7599945,214.6600037,206.1100006,214.2400055,182108600
TSLA,2/16/23,210.779999,210.7799988,217.6499939,201.8399963,202.0399933,229586500
TSLA,2/17/23,199.990005,199.9900055,208.4400024,197.5,208.3099976,213080200
TSLA,2/21/23,204.990005,204.9900055,209.7100067,197.2200012,197.3699951,180018600
TSLA,2/22/23,197.929993,197.9299927,201.9900055,191.7799988,200.8600006,191828500
TSLA,2/23/23,203.910004,203.9100037,205.1399994,196.3300018,202.0700073,146360000
TSLA,2/24/23,196.330002,196.3300018,197.6699982,192.8000031,196.8800049,141965900